product_name,sku
UNIKAN Women's Checkered Oversized Shirt for Women (in, Alpha, XL, Regular, Black),K-shirt BL-CHK-XL
UNIKAN Women's Checkered Oversized Shirt for Women (in, Alpha, S, Regular, Black),S-Black & White Check Shirt-S
UNIKAN Women's Checkered Oversized Shirt for Women (in, Alpha, M, Regular, Black),Kshirt-BL-CHK-M
Women's Black & White Checkered Oversized Shirt | Casual Plaid Button-Down Full Sleeve Western Top | Soft & Breathable Shirt for Women | Relaxed Fit | College, Office & Casual Wear,K-shirt BL-CHK-L
UNIKAN Women's Checkered Oversized Shirt for Women (in, Alpha, S, Regular, Red),S-Red-Check-R&B-Shirt-S
UNIKAN Women’s Yellow & White Checked Shirt | Full Sleeve Casual Shirt with Classic Collar & Button Closure | Stylish Regular Fit Top for Women (in, Alpha, XL, Regular, Black and White),S-FLORA-Check-Black-Shirt-XL
UNIKAN Women's Checkered Oversized Shirt for Women (in, Alpha, L, Regular, Red),S-Red-Shirt-Check-L
UNIKAN Women's Checkered Oversized Shirt for Women (in, Alpha, M, Regular, Red),S-Red-Shirt-Check-M
Cutie Scooter Doll | Toy Scooter Doll for Kids | Pull Along Girl Scooter Toy | Push & Go Vehicle with Thread | Pretend Play Ride Scooter for Toddlers | Age 1–5 Years,cutie scooter doll
Smiley Plush Cushion Pack of 5 (12x12 Inch) | Super Soft Round Decorative Pillow Set | Wink, Heart Eyes & Cute Face Design | Sofa Cushion for Kids, Girls & Home Decor | Soft Toy Gift,S-Smiley-Plush-Cushion
Women’s Silver-Tone Bracelet with Sparkling Round Centre Design | Delicate Chain Bracelet for Girls & Women | Fashion Jewellery for Everyday, Party & Special Occasions,K-bracelet-15
UNIKAN Women's Checkered Oversized Shirt for Women Wear (in, Alpha, S, Regular, Black),S-shirt BL-CHK-S
UNIKAN Women's Checkered Oversized Shirt for Women (in, Alpha, S, Regular, Pink),S-Pink-Check-Shirt-S
UNIKAN Women's Checkered Oversized Shirt for Women Wear (in, Alpha, XL, Regular, Black),S- BL-CHk-shirt-XL
